chr,pos,minor,major
1,123369,A,C
1,138369,G,T
1,153369,T,C
1,168369,C,T
1,183369,G,A
1,198369,T,A
5,228369,G,A
5,258369,G,A
5,288369,A,G
5,318369,C,A
5,348369,A,T
5,378369,G,A
5,408369,A,C
5,438369,C,A
5,468369,G,C
16,513369,C,A
16,558369,A,C
16,603369,G,A
16,648369,G,A
16,693369,C,G
16,738369,G,A
16,783369,A,T
16,828369,C,T
16,873369,A,C
22,923369,G,A
22,973369,T,A
22,1023369,C,T
22,1073369,G,A
22,1123369,C,T
22,1173369,C,G
22,1223369,T,C
22,1273369,A,T
22,1323369,G,A
22,1373369,G,C
22,1423369,T,A
22,1473369,G,C
22,1523369,T,A
22,1573369,C,T
22,1623369,G,C
22,1673369,A,G
22,1723369,A,T
